,ID,Seq
0,Q6GZX4,MAFSAEDVLKEYDRRRRMEALLLSLYYPNDRKLLDYKEWSPPRVQVECPKAPVEWNNPPSEKGLIVGHFSGIKYKGEKAQASEVDVNKMCCWVSKFKDAMRRYQGIQTCKIPGKVLSDLDAKIKAYNLTVEGVEGFVRYSRVTKQHVAAFLKELRHSKQYENVNLIHYILTDKRVDIQHLEKDLVKDFKALVESAHRMRQGHMINVKYILYQLLKKHGHGPDGPDILTVKTGSKGVLYDDSFRKIYTDLGWKFTPL
1,Q6GZX3,MSIIGATRLQNDKSDTYSAGPCYAGGCSAFTPRGTCGKDWDLGEQTCASGFCTSQPLCARIKKTQVCGLRYSSKGKDPLVSAEWDSRGAPYVRCTYDADLIDTQAQVDQFVSMFGESPSLAERYCMRGVKNTAGELVSRVSSDADPAGGWCRKWYSAHRGPDQDAALGSFCIKNPGAADCKCINRASDPVYQKVKTLHAYPDQCWYVPCAADVGELKMGTQRDTPTNCPTQVCQIVFNMLDDGSVTMDDVKNTINCDFSKYVPPPPPPKPTPPTPPTPPTPPTPPTPPTPPTPRPVHNRKVMFFVAGAVLVAILISTVRW
2,Q197F8,MASNTVSAQGGSNRPVRDFSNIQDVAQFLLFDPIWNEQPGSIVPWKMNREQALAERYPELQTSEPSEDYSGPVESLELLPLEIKLDIMQYLSWEQISWCKHPWLWTRWYKDNVVRVSAITFEDFQREYAFPEKIQEIHFTDTRAEEIKAILETTPNVTRLVIRRIDDMNYNTHGDLGLDDLEFLTHLMVEDACGFTDFWAPSLTHLTIKNLDMHPRWFGPVMDGIKSMQSTLKYLYIFETYGVNKPFVQWCTDNIETFYCTNSYRYENVPRPIYVWVLFQEDEWHGYRVEDNKFHRRYMYSTILHKRDTDWVENNPLKTPAQVEMYKFLLRISQLNRDGTGYESDSDPENEHFDDESFSSGEEDSSDEDDPTWAPDSDDSDWETETEEEPSVAARILEKGKLTITNLMKSLGFKPKPKKIQSIDRYFCSLDSNYNSEDEDFEYDSDSEDDDSDSEDDC
3,Q197F7,MYQAINPCPQSWYGSPQLEREIVCKMSGAPHYPNYYPVHPNALGGAWFDTSLNARSLTTTPSLTTCTPPSLAACTPPTSLGMVDSPPHINPPRRIGTLCFDFGSAKSPQRCECVASDRPSTTSNTAPDTYRLLITNSKTRKNNYGTCRLEPLTYGI
4,Q6GZX2,MARPLLGKTSSVRRRLESLSACSIFFFLRKFCQKMASLVFLNSPVYQMSNILLTERRQVDRAMGGSDDDGVMVVALSPSDFKTVLGSALLAVERDMVHVVPKYLQTPGILHDMLVLLTPIFGEALSVDMSGATDVMVQQIATAGFVDVDPLHSSVSWKDNVSCPVALLAVSNAVRTMMGQPCQVTLIIDVGTQNILRDLVNLPVEMSGDLQVMAYTKDPLGKVPAVGVSVFDSGSVQKGDAHSVGAPDGLVSFHTHPVSSAVELNYHAGWPSNVDMSSLLTMKNLMHVVVAEEGLWTMARTLSMQRLTKVLTDAEKDVMRAAAFNLFLPLNELRVMGTKDSNNKSLKTYFEVFETFTIGALMKHSGVTPTAFVDRRWLDNTIYHMGFIPWGRDMRFVVEYDLDGTNPFLNTVPTLMSVKRKAKIQEMFDNMVSRMVTS
5,Q6GZX1,MNAKYDTDQGVGRMLFLGTIGLAVVVGGLMAYGYYYDGKTPSSGTSFHTASPSFSSRYRY
6,Q197F5,MRYTVLIALQGALLLLLLIDDGQGQSPYPYPGMPCNSSRQCGLGTCVHSRCAHCSSDGTLCSPEDPTMVWPCCPESSCQLVVGLPSLVNHYNCLPNQCTDSSQCPGGFGCMTRRSKCELCKADGEACNSPYLDWRKDKECCSGYCHTEARGLEGVCIDPKKIFCTPKNPWQLAPYPPSYHQPTTLRPPTSLYDSWLMSGFLVKSTTAPSTQEEEDDY
7,Q6GZX0,MQNPLPEVMSPEHDKRTTTPMSKEANKFIRELDKKPGDLAVVSDFVKRNTGKRLPIGKRSNLYVRICDLSGTIYMGETFILESWEELYLPEPTKMEVLGTLESCCGIPPFPEWIVMVGEDQCVYAYGDEEILLFAYSVKQLVEEGIQETGISYKYPDDISDVDEEVLQQDEEIQKIRKKTREFVDKDAQEFQDFLNSLDASLLS
8,Q91G88,MDSLNEVCYEQIKGTFYKGLFGDFPLIVDKKTGCFNATKLCVLGGKRFVDWNKTLRSKKLIQYYETRCDIKTESLLYEIKGDNNDEITKQITGTYLPKEFILDIASWISVEFYDKCNNIIINYFVNEYKTMDKKTLQSKINEVEEKMQKLLNEKEEELQEKNDKIDELILFSKRMEEDRKKDREMMIKQEKMLRELGIHLEDVSSQNNELIEKVDEQVEQNAVLNFKIDNIQNKLEIAVEDRAPQPKQNLKRERFILLKRNDDYYPYYTIRAQDINARSALKRQKNLYNEVSVLLDLTCHPNSKTLYVRVKDELKQKGVVFNLCKVSISNSKINEEELIKAMETINDEKRDV
9,Q6GZW9,MYKMYFLKDQKFSLSGTIRINDKTQSEYGSVWCPGLSITGLHHDAIDHNMFEEMETEIIEYLGPWVQAEYRRIKG
